# 유저 테이블(user)
INSERT INTO user (user_id, email, `password`, nickname, user_state, email_verified, email_verified_at, created_at) VALUES
(1,'menlol@gmail.com','keyond!A1','비라','ACTIVE','Y','2026-02-04 09:18:00','2026-02-04 09:05:00'),
(2,'bluepaper02@naver.com','apple44!&','라나','ACTIVE','Y','2026-01-12 14:27:00','2026-01-12 14:10:00'),
(3,'winterbyte03@gmail.com','nameofblill2069!!','준호','ACTIVE','Y','2026-02-19 20:41:00','2026-02-19 20:22:00'),
(4,'seoulpixel04@naver.com','seoulRunner#91','미라','ACTIVE','Y','2026-01-03 11:09:00','2026-01-03 10:55:00'),
(5,'neonwallet05@gmail.com','neonWallet77$%','노리','ACTIVE','Y','2026-02-10 16:34:00','2026-02-10 16:12:00'),
(6,'hwanlog06@naver.com','hwanlog_2026^!','다온','ACTIVE','Y','2026-01-27 08:26:00','2026-01-27 08:03:00'),
(7,'orbitstream07@gmail.com','orbitStream12&*','샐리','ACTIVE','Y','2026-02-01 19:14:00','2026-02-01 18:59:00'),
(8,'honeydesk08@naver.com','honeyDesk55@#','케로','ACTIVE','Y','2026-01-18 13:52:00','2026-01-18 13:30:00'),
(9,'quickharbor09@gmail.com','quickHarbor9!9','하니','ACTIVE','Y','2026-02-22 10:17:00','2026-02-22 10:01:00'),
(10,'moonledger10@naver.com','moonLedger2026@!','루미','ACTIVE','Y','2026-01-07 17:48:00','2026-01-07 17:20:00'),
(11,'lucidpatch11@gmail.com','lucidPatch11##','보미','ACTIVE','Y','2026-02-14 09:36:00','2026-02-14 09:15:00'),
(12,'coralvault12@naver.com','coralVault88$@','토비','ACTIVE','Y','2026-01-31 15:23:00','2026-01-31 15:04:00'),
(13,'basilroute13@gmail.com','basilRoute13%!','아린','ACTIVE','Y','2026-02-06 12:11:00','2026-02-06 11:53:00'),
(14,'echoframe14@naver.com','echoFrame14^&','제프','ACTIVE','Y','2026-01-09 21:06:00','2026-01-09 20:42:00'),
(15,'prismnote15@gmail.com','prismNote1501&!','유리','ACTIVE','Y','2026-02-17 07:59:00','2026-02-17 07:35:00'),
(16,'velvetkey16@naver.com','velvetKey16*9','네오','ACTIVE','Y','2026-01-21 18:28:00','2026-01-21 18:02:00'),
(17,'dawnsignal17@gmail.com','dawnSignal17!7','베라','ACTIVE','Y','2026-02-08 14:50:00','2026-02-08 14:31:00'),
(18,'lotusdrive18@naver.com','lotusDrive18@18','이안','ACTIVE','Y','2026-01-05 10:39:00','2026-01-05 10:16:00'),
(19,'juniperflux19@gmail.com','juniperFlux19#!!','소라','ACTIVE','Y','2026-02-20 16:02:00','2026-02-20 15:40:00'),
(20,'starshipmemo20@naver.com','starShip20$T0','페코','ACTIVE','Y','2026-01-16 11:47:00','2026-01-16 11:21:00'),
(21,'ambercloud21@gmail.com','amberCloud21%U1','나야','ACTIVE','Y','2026-02-12 19:08:00','2026-02-12 18:49:00'),
(22,'mintbridge22@naver.com','mintBridge22^V2','라크','ACTIVE','Y','2026-01-25 09:25:00','2026-01-25 09:00:00'),
(23,'cobalttoast23@gmail.com','cobaltToast23&W3','멜로','ACTIVE','Y','2026-02-03 13:44:00','2026-02-03 13:19:00'),
(24,'silverseed24@naver.com','silverSeed24*X4','로로','ACTIVE','Y','2026-01-11 15:57:00','2026-01-11 15:33:00'),
(25,'gingerbyte25@gmail.com','gingerByte25!Y5','하나','ACTIVE','Y','2026-02-23 08:31:00','2026-02-23 08:12:00'),
(26,'koiarchive26@naver.com','koiArchive26@Z6','제나','ACTIVE','Y','2026-01-02 20:14:00','2026-01-02 19:50:00'),
(27,'kiwiportal27@gmail.com','kiwiPortal27#Aa7','고미','ACTIVE','Y','2026-02-16 12:38:00','2026-02-16 12:09:00'),
(28,'pinewidget28@naver.com','pineWidget28$Bb8','니코','ACTIVE','Y','2026-01-30 17:19:00','2026-01-30 16:54:00'),
(29,'quartzlink29@gmail.com','quartzLink29%Cc9','릴라','ACTIVE','Y','2026-02-07 10:56:00','2026-02-07 10:32:00'),
(30,'tangerinebox30@naver.com','tangerineBox30^Dd0','비비','ACTIVE','Y','2026-01-14 14:21:00','2026-01-14 13:58:00'),
(31,'ripplegram31@gmail.com','rippleGram31&Ee1','키키','ACTIVE','Y','2026-02-09 18:43:00','2026-02-09 18:17:00'),
(32,'tealfusion32@naver.com','tealFusion32*Ff2','요요','ACTIVE','Y','2026-01-23 11:36:00','2026-01-23 11:11:00'),
(33,'pebblevibe33@gmail.com','pebbleVibe33!Gg3','도리','ACTIVE','Y','2026-02-02 09:49:00','2026-02-02 09:24:00'),
(34,'snowycanvas34@naver.com','snowyCanvas34@Hh4','세미','ACTIVE','Y','2026-01-06 16:05:00','2026-01-06 15:41:00'),
(35,'deltamuse35@gmail.com','deltaMuse35#Ii5','니노','ACTIVE','Y','2026-02-18 20:27:00','2026-02-18 20:02:00'),
(36,'maplecloud36@naver.com','mapleCloud36$Jj6','라미','ACTIVE','Y','2026-01-20 10:46:00','2026-01-20 10:20:00'),
(37,'vividharp37@gmail.com','vividHarp37%Kk7','피리','ACTIVE','Y','2026-02-13 13:33:00','2026-02-13 13:07:00'),
(38,'royalorbit38@naver.com','royalOrbit38^Ll8','로니','ACTIVE','Y','2026-01-28 19:12:00','2026-01-28 18:45:00'),
(39,'mintyshield39@gmail.com','mintyShield39&Mm9','무무','ACTIVE','Y','2026-02-05 08:58:00','2026-02-05 08:36:00'),
(40,'citruspanel40@gmail.com','citrusPanel40*Nn0','비키','ACTIVE','Y','2026-01-10 15:11:00','2026-01-10 14:48:00'),
(41,'cloudybridge41@gmail.com','cloudyBridge41!Oo1','타미','ACTIVE','Y','2026-02-21 17:26:00','2026-02-21 17:00:00'),
(42,'nightparcel42@naver.com','nightParcel42@Pp2','나비','ACTIVE','Y','2026-01-22 09:42:00','2026-01-22 09:18:00'),
(43,'brasssignal43@gmail.com','brassSignal43#Qq3','유나','ACTIVE','Y','2026-02-11 14:57:00','2026-02-11 14:29:00'),
(44,'ivorypatch44@naver.com','ivoryPatch44$Rr4','바노','ACTIVE','Y','2026-01-17 12:24:00','2026-01-17 12:01:00'),
(45,'opalriver45@gmail.com','opalRiver45%Ss5','루루','ACTIVE','Y','2026-02-15 18:16:00','2026-02-15 17:51:00'),
(46,'lilacvault46@naver.com','lilacVault46^Tt6','시온','ACTIVE','Y','2026-01-08 10:08:00','2026-01-08 09:44:00'),
(47,'gammacoral47@gmail.com','gammaCoral47&Uu7','리오','ACTIVE','Y','2026-01-24 16:29:00','2026-01-24 16:03:00'),
(48,'sugarframe48@naver.com','sugarFrame48*Vv8','키리','ACTIVE','Y','2026-01-15 11:53:00','2026-01-15 11:27:00'),
(49,'copperlane49@gmail.com','copperLane49!Ww9','보리','ACTIVE','Y','2026-01-19 20:03:00','2026-01-19 19:38:00'),
(50,'sunnyarchive50@naver.com','sunnyArchive50@Xx0','주리','ACTIVE','Y','2026-02-24 13:18:00','2026-02-24 12:52:00');


# 구독 카테고리 테이블(subscription_category)
INSERT INTO subscription_category (category_name)
VALUES 
('OTT'),
('AI'),
('Music'),
('Others');

# 구독 추가 테이블(subscription_item)
INSERT INTO `subscription_item`
(`category_id`,`item_name`) VALUES
(1,"Netflix"),
(1,"Tving"),
(1,"Disney+"),
(1,"CoupangPlay"),
(1,"Watcha"),
(1,"Laftel"),
(1,"Wave"),
(1,"AppleTv"),
(2,"ChatGpt"),
(2,"Gemini"),
(2,"Claude"),
(3,"Melon"),
(3,"AppleMusic"),
(3,"Sportify"),
(3,"YoutubeMusic"),
(3,"Flo"),
(3,"Genie"),
(3,"Vibe"),
(4,"배민클럽"),
(4,"카카오톡서랍"),
(4,"유튜브프리미엄"),
(4,"쿠팡와우"),
(4,"이모티콘플러스"),
(4,"인텔리제이"),
(4,"Icloud+"),
(4, "컬리"),
(4, "네이버멤버십"),
(4, "GoogleDrive"),
(4, "Microsoft 365 Personal"),
(4, "Notion"),
(4, "Adobe");

# 카드 테이블(card)
INSERT INTO card (card_id, card_company)
VALUES (1, '신한카드'),
(2, '국민카드'),
(3, '농협카드'),
(4, '우리카드'),
(5, '하나카드'),
(6, '삼성카드'),
(7, '현대카드'),
(8, '롯데카드');

# 결제 방법 테이블(payment_method)
INSERT INTO payment_method (card_id, user_id, card_name, is_active, custom_card_company) VALUES
-- 1 ~ 25 : 직접입력 카드
(NULL, 1,  '생활카드',   1, '다솜카드'),
(NULL, 2,  '체크생활',   1, '하늘카드'),
(NULL, 3,  '월급지킴',   1, '국민행복카드'),
(NULL, 4,  '소비관리',   1, '드림카드'),
(NULL, 5,  'OTT전용',    1, '스마트카드'),
(NULL, 6,  '배달카드',   1, '플렉스카드'),
(NULL, 7,  '쇼핑패스',   1, '네온카드'),
(NULL, 8,  '교통할인',   1, '라임카드'),
(NULL, 9,  '카페한잔',   1, '모먼트카드'),
(NULL, 10, '우리집카드', 1, '포인트카드'),
(NULL, 11, '여행적립',   1, '트래블카드'),
(NULL, 12, '간편결제',   1, '페이카드'),
(NULL, 13, '생활비카드', 1, '에코카드'),
(NULL, 14, '문화생활',   1, '컬처카드'),
(NULL, 15, '정기구독',   1, '루나카드'),
(NULL, 16, '할인플랜',   1, '베네카드'),
(NULL, 17, '청춘카드',   1, '유스카드'),
(NULL, 18, '마트전용',   1, '그린카드'),
(NULL, 19, '통신할인',   1, '텔레카드'),
(NULL, 20, '주말혜택',   1, '위크카드'),
(NULL, 21, '커피패스',   1, '브루카드'),
(NULL, 22, '무비패스',   1, '시네카드'),
(NULL, 23, '헬스케어',   1, '핏카드'),
(NULL, 24, '식비절약',   1, '세이브카드'),
(NULL, 25, '편의점카드', 1, '데일리카드'),

-- 26 ~ 50 : 서비스 기본 카드 선택
(1,  26, '신한카드', 1, NULL),
(2,  27, '국민카드', 1, NULL),
(3,  28, '농협카드', 1, NULL),
(4,  29, '우리카드', 1, NULL),
(5,  30, '하나카드', 1, NULL),
(6,  31, '삼성카드', 1, NULL),
(7,  32, '현대카드', 1, NULL),
(8,  33, '롯데카드', 1, NULL),
(1,  34, '신한카드', 1, NULL),
(2,  35, '국민카드', 1, NULL),
(3,  36, '농협카드', 1, NULL),
(4,  37, '우리카드', 1, NULL),
(5,  38, '하나카드', 1, NULL),
(6,  39, '삼성카드', 1, NULL),
(7,  40, '현대카드', 1, NULL),
(8,  41, '롯데카드', 1, NULL),
(1,  42, '신한카드', 1, NULL),
(2,  43, '국민카드', 1, NULL),
(3,  44, '농협카드', 1, NULL),
(4,  45, '우리카드', 1, NULL),
(5,  46, '하나카드', 1, NULL),
(6,  47, '삼성카드', 1, NULL),
(7,  48, '현대카드', 1, NULL),
(8,  49, '롯데카드', 1, NULL),
(1,  50, '신한카드', 1, NULL);

# 구독 추가 테이블(add_subscription)
INSERT INTO add_subscription
(item_id, user_id, payment_id, price, billing_cycle, start_date, end_date, created_at, updated_at, use_yn)
VALUES

-- User 1 
(7,1,1,10900,'1M','2026-01-24 00:00:00',NULL,NOW(),NOW(),'Y'),
(19,1,1,12000,'1Y','2025-12-24 00:00:00','2026-02-20 00:00:00',NOW(),NOW(),'N'),

-- User 2
(1,2,2,17000,'1M','2026-02-10 00:00:00',NULL,NOW(),NOW(),'Y'),
(12,2,2,11000,'1M','2026-01-05 00:00:00',NULL,NOW(),NOW(),'Y'),
(14,2,2,12500,'1Y','2025-11-15 00:00:00',NULL,NOW(),NOW(),'Y'),
(15,2,2,11500,'1M','2026-01-22 00:00:00',NULL,NOW(),NOW(),'Y'),
(9,2,2,29000,'1M','2026-01-18 00:00:00','2026-02-25 00:00:00',NOW(),NOW(),'N'),
(10,2,2,31000,'1Y','2025-12-01 00:00:00',NULL,NOW(),NOW(),'Y'),
(11,2,2,28000,'1M','2026-01-30 00:00:00',NULL,NOW(),NOW(),'Y'),
(20,2,2,10500,'1M','2026-02-03 00:00:00',NULL,NOW(),NOW(),'Y'),
(21,2,2,14900,'1M','2026-02-14 00:00:00',NULL,NOW(),NOW(),'Y'),
(22,2,2,9900,'1M','2026-01-11 00:00:00',NULL,NOW(),NOW(),'Y'),

-- User 3
(1,3,3,14500,'1M','2026-02-01 00:00:00',NULL,NOW(),NOW(),'Y'),
(2,3,3,13500,'1M','2026-01-20 00:00:00','2026-02-28 00:00:00',NOW(),NOW(),'N'),
(3,3,3,12500,'1Y','2025-10-10 00:00:00',NULL,NOW(),NOW(),'Y'),
(12,3,3,11000,'1M','2026-01-17 00:00:00',NULL,NOW(),NOW(),'Y'),
(16,3,3,10900,'1M','2026-01-25 00:00:00',NULL,NOW(),NOW(),'Y'),
(9,3,3,30500,'1Y','2025-11-05 00:00:00',NULL,NOW(),NOW(),'Y'),
(23,3,3,10500,'1M','2026-01-12 00:00:00',NULL,NOW(),NOW(),'Y'),
(19,3,3,12000,'1M','2026-01-19 00:00:00',NULL,NOW(),NOW(),'Y'),
(22,3,3,9900,'1M','2026-02-06 00:00:00',NULL,NOW(),NOW(),'Y'),

-- User 4
(1,4,4,17000,'1M','2026-02-14 00:00:00',NULL,NOW(),NOW(),'Y'),
(12,4,4,11000,'1M','2026-01-09 00:00:00',NULL,NOW(),NOW(),'Y'),
(9,4,4,29000,'1Y','2025-12-01 00:00:00',NULL,NOW(),NOW(),'Y'),
(10,4,4,31000,'1M','2026-01-21 00:00:00',NULL,NOW(),NOW(),'Y'),
(22,4,4,9900,'1M','2026-02-04 00:00:00',NULL,NOW(),NOW(),'Y'),

-- User 5
(1,5,5,14500,'1M','2026-01-30 00:00:00',NULL,NOW(),NOW(),'Y'),
(13,5,5,11500,'1M','2026-01-12 00:00:00',NULL,NOW(),NOW(),'Y'),
(9,5,5,30500,'1M','2026-01-15 00:00:00','2026-02-20 00:00:00',NOW(),NOW(),'N'),
(10,5,5,31000,'1Y','2025-11-18 00:00:00',NULL,NOW(),NOW(),'Y'),
(22,5,5,9900,'1M','2026-02-03 00:00:00',NULL,NOW(),NOW(),'Y'),

-- User 6
(1,6,6,17000,'1M','2026-02-22 00:00:00',NULL,NOW(),NOW(),'Y'),
(13,6,6,11500,'1M','2026-01-10 00:00:00',NULL,NOW(),NOW(),'Y'),
(10,6,6,29500,'1Y','2025-12-22 00:00:00',NULL,NOW(),NOW(),'Y'),
(21,6,6,14900,'1M','2026-02-01 00:00:00',NULL,NOW(),NOW(),'Y'),

-- User 7
(1,7,7,14500,'1Y','2025-09-01 00:00:00',NULL,NOW(),NOW(),'Y'),
(2,7,7,13500,'1M','2026-01-15 00:00:00',NULL,NOW(),NOW(),'Y'),
(15,7,7,11500,'1M','2026-01-20 00:00:00',NULL,NOW(),NOW(),'Y'),
(9,7,7,30500,'1M','2026-01-18 00:00:00',NULL,NOW(),NOW(),'Y'),
(21,7,7,14900,'1M','2026-02-02 00:00:00',NULL,NOW(),NOW(),'Y'),

-- User 8
(1,8,8,17000,'1M','2026-02-08 00:00:00',NULL,NOW(),NOW(),'Y'),
(2,8,8,13500,'1M','2026-01-05 00:00:00',NULL,NOW(),NOW(),'Y'),
(14,8,8,12500,'1M','2026-01-21 00:00:00',NULL,NOW(),NOW(),'Y'),
(21,8,8,14900,'1M','2026-02-10 00:00:00',NULL,NOW(),NOW(),'Y'),
(22,8,8,9900,'1M','2026-01-11 00:00:00',NULL,NOW(),NOW(),'Y'),

-- User 9
(1,9,9,14500,'1M','2026-02-11 00:00:00',NULL,NOW(),NOW(),'Y'),
(2,9,9,13500,'1M','2026-01-19 00:00:00',NULL,NOW(),NOW(),'Y'),
(15,9,9,11500,'1M','2026-01-14 00:00:00',NULL,NOW(),NOW(),'Y'),
(9,9,9,29000,'1Y','2025-11-11 00:00:00',NULL,NOW(),NOW(),'Y'),
(10,9,9,31000,'1M','2026-01-18 00:00:00',NULL,NOW(),NOW(),'Y'),

-- User 10
(1,10,10,17000,'1Y','2025-12-25 00:00:00',NULL,NOW(),NOW(),'Y'),
(8,10,10,13500,'1M','2026-01-07 00:00:00',NULL,NOW(),NOW(),'Y'),
(13,10,10,11500,'1M','2026-01-12 00:00:00',NULL,NOW(),NOW(),'Y'),
(9,10,10,29000,'1M','2026-01-18 00:00:00',NULL,NOW(),NOW(),'Y'),
(10,10,10,31000,'1M','2026-01-20 00:00:00',NULL,NOW(),NOW(),'Y')

-- User 11
,(1,11,11,14500,'1M','2026-01-08 00:00:00',NULL,NOW(),NOW(),'Y')
,(2,11,11,13500,'1M','2026-01-19 00:00:00',NULL,NOW(),NOW(),'Y')
,(3,11,11,12500,'1Y','2025-10-14 00:00:00',NULL,NOW(),NOW(),'Y')
,(25,11,11,14000,'1M','2026-02-03 00:00:00',NULL,NOW(),NOW(),'Y')
,(20,11,11,10500,'1M','2026-01-15 00:00:00',NULL,NOW(),NOW(),'Y')
,(19,11,11,12000,'1M','2026-01-21 00:00:00',NULL,NOW(),NOW(),'Y')
,(22,11,11,9900,'1M','2026-02-06 00:00:00',NULL,NOW(),NOW(),'Y')

-- User 12
,(1,12,12,17000,'1M','2026-01-12 00:00:00',NULL,NOW(),NOW(),'Y')
,(9,12,12,29000,'1Y','2025-11-20 00:00:00',NULL,NOW(),NOW(),'Y')
,(10,12,12,31000,'1M','2026-01-27 00:00:00',NULL,NOW(),NOW(),'Y')
,(22,12,12,9900,'1M','2026-02-10 00:00:00',NULL,NOW(),NOW(),'Y')

-- User 13
,(1,13,13,14500,'1M','2026-01-09 00:00:00',NULL,NOW(),NOW(),'Y')
,(2,13,13,13500,'1M','2026-01-14 00:00:00',NULL,NOW(),NOW(),'Y')
,(7,13,13,10900,'1M','2026-02-02 00:00:00',NULL,NOW(),NOW(),'Y')
,(14,13,13,12500,'1Y','2025-12-01 00:00:00',NULL,NOW(),NOW(),'Y')
,(9,13,13,30500,'1M','2026-01-23 00:00:00',NULL,NOW(),NOW(),'Y')
,(25,13,13,14000,'1M','2026-02-05 00:00:00',NULL,NOW(),NOW(),'Y')
,(21,13,13,14900,'1M','2026-02-11 00:00:00',NULL,NOW(),NOW(),'Y')
,(19,13,13,12000,'1M','2026-01-18 00:00:00',NULL,NOW(),NOW(),'Y')

-- User 14
,(1,14,14,17000,'1M','2026-01-07 00:00:00',NULL,NOW(),NOW(),'Y')
,(15,14,14,11500,'1M','2026-01-16 00:00:00',NULL,NOW(),NOW(),'Y')
,(9,14,14,29000,'1Y','2025-10-21 00:00:00',NULL,NOW(),NOW(),'Y')
,(10,14,14,31000,'1M','2026-01-28 00:00:00',NULL,NOW(),NOW(),'Y')
,(11,14,14,28000,'1M','2026-01-25 00:00:00',NULL,NOW(),NOW(),'Y')
,(21,14,14,14900,'1M','2026-02-03 00:00:00',NULL,NOW(),NOW(),'Y')
,(19,14,14,12000,'1M','2026-01-19 00:00:00',NULL,NOW(),NOW(),'Y')
,(22,14,14,9900,'1M','2026-02-08 00:00:00',NULL,NOW(),NOW(),'Y')

-- User 15
,(1,15,15,14500,'1M','2026-01-10 00:00:00',NULL,NOW(),NOW(),'Y')
,(2,15,15,13500,'1M','2026-01-21 00:00:00',NULL,NOW(),NOW(),'Y')
,(12,15,15,11000,'1M','2026-01-13 00:00:00',NULL,NOW(),NOW(),'Y')
,(15,15,15,11500,'1Y','2025-11-05 00:00:00',NULL,NOW(),NOW(),'Y')
,(21,15,15,14900,'1M','2026-02-01 00:00:00',NULL,NOW(),NOW(),'Y')
,(19,15,15,12000,'1M','2026-01-24 00:00:00',NULL,NOW(),NOW(),'Y')
,(22,15,15,9900,'1M','2026-02-07 00:00:00',NULL,NOW(),NOW(),'Y')

-- User 16
,(1,16,16,17000,'1M','2026-01-06 00:00:00',NULL,NOW(),NOW(),'Y')
,(4,16,16,11000,'1M','2026-01-18 00:00:00',NULL,NOW(),NOW(),'Y')
,(12,16,16,11000,'1M','2026-01-26 00:00:00',NULL,NOW(),NOW(),'Y')
,(9,16,16,29000,'1M','2026-01-14 00:00:00',NULL,NOW(),NOW(),'Y')
,(25,16,16,14000,'1Y','2025-09-25 00:00:00',NULL,NOW(),NOW(),'Y')
,(22,16,16,9900,'1M','2026-02-09 00:00:00',NULL,NOW(),NOW(),'Y')

-- User 17
,(1,17,17,14500,'1M','2026-01-11 00:00:00',NULL,NOW(),NOW(),'Y')
,(5,17,17,12900,'1M','2026-01-23 00:00:00',NULL,NOW(),NOW(),'Y')
,(3,17,17,12500,'1Y','2025-10-02 00:00:00',NULL,NOW(),NOW(),'Y')
,(15,17,17,11500,'1M','2026-01-17 00:00:00',NULL,NOW(),NOW(),'Y')
,(10,17,17,31000,'1M','2026-01-28 00:00:00',NULL,NOW(),NOW(),'Y')
,(11,17,17,28000,'1M','2026-01-30 00:00:00',NULL,NOW(),NOW(),'Y')
,(25,17,17,14000,'1M','2026-02-06 00:00:00',NULL,NOW(),NOW(),'Y')
,(21,17,17,14900,'1M','2026-02-10 00:00:00',NULL,NOW(),NOW(),'Y')

-- User 18
,(1,18,18,17000,'1M','2026-01-09 00:00:00',NULL,NOW(),NOW(),'Y')
,(9,18,18,29000,'1M','2026-01-20 00:00:00','2026-02-26 00:00:00',NOW(),NOW(),'N')
,(19,18,18,12000,'1M','2026-02-04 00:00:00',NULL,NOW(),NOW(),'Y')

-- User 19
,(1,19,19,14500,'1Y','2025-10-18 00:00:00',NULL,NOW(),NOW(),'Y')
,(15,19,19,11500,'1M','2026-01-14 00:00:00',NULL,NOW(),NOW(),'Y')
,(11,19,19,28000,'1M','2026-01-22 00:00:00',NULL,NOW(),NOW(),'Y')
,(25,19,19,14000,'1M','2026-02-02 00:00:00',NULL,NOW(),NOW(),'Y')
,(20,19,19,10500,'1M','2026-01-27 00:00:00',NULL,NOW(),NOW(),'Y')
,(21,19,19,14900,'1M','2026-02-08 00:00:00',NULL,NOW(),NOW(),'Y')

-- User 20
,(15,20,20,11500,'1M','2026-01-10 00:00:00',NULL,NOW(),NOW(),'Y')
,(10,20,20,31000,'1Y','2025-11-07 00:00:00',NULL,NOW(),NOW(),'Y')
,(21,20,20,14900,'1M','2026-02-05 00:00:00',NULL,NOW(),NOW(),'Y')

-- User 21
,(14,21,21,12500,'1M','2026-01-16 00:00:00',NULL,NOW(),NOW(),'Y')
,(9,21,21,29000,'1M','2026-01-21 00:00:00',NULL,NOW(),NOW(),'Y')
,(10,21,21,31000,'1M','2026-01-29 00:00:00',NULL,NOW(),NOW(),'Y')
,(11,21,21,28000,'1Y','2025-12-03 00:00:00',NULL,NOW(),NOW(),'Y')
,(22,21,21,9900,'1M','2026-02-09 00:00:00',NULL,NOW(),NOW(),'Y')

-- User 22
,(1,22,22,17000,'1M','2026-01-08 00:00:00',NULL,NOW(),NOW(),'Y')
,(2,22,22,13500,'1M','2026-01-17 00:00:00',NULL,NOW(),NOW(),'Y')
,(3,22,22,12500,'1Y','2025-09-19 00:00:00',NULL,NOW(),NOW(),'Y')
,(13,22,22,11500,'1M','2026-01-25 00:00:00',NULL,NOW(),NOW(),'Y')
,(9,22,22,29000,'1M','2026-01-11 00:00:00',NULL,NOW(),NOW(),'Y')
,(10,22,22,31000,'1M','2026-01-28 00:00:00',NULL,NOW(),NOW(),'Y')
,(25,22,22,14000,'1M','2026-02-03 00:00:00',NULL,NOW(),NOW(),'Y')
,(23,22,22,10500,'1M','2026-01-15 00:00:00',NULL,NOW(),NOW(),'Y')
,(19,22,22,12000,'1M','2026-01-23 00:00:00',NULL,NOW(),NOW(),'Y')

-- User 23
,(1,23,23,14500,'1M','2026-01-12 00:00:00',NULL,NOW(),NOW(),'Y')
,(2,23,23,13500,'1M','2026-01-20 00:00:00',NULL,NOW(),NOW(),'Y')
,(15,23,23,11500,'1M','2026-01-27 00:00:00',NULL,NOW(),NOW(),'Y')
,(10,23,23,31000,'1Y','2025-11-11 00:00:00',NULL,NOW(),NOW(),'Y')
,(21,23,23,14900,'1M','2026-02-05 00:00:00',NULL,NOW(),NOW(),'Y')
,(22,23,23,9900,'1M','2026-02-09 00:00:00',NULL,NOW(),NOW(),'Y')

-- User 24
,(1,24,24,17000,'1M','2026-01-09 00:00:00',NULL,NOW(),NOW(),'Y')
,(15,24,24,11500,'1M','2026-01-16 00:00:00',NULL,NOW(),NOW(),'Y')
,(9,24,24,29000,'1M','2026-01-24 00:00:00',NULL,NOW(),NOW(),'Y')
,(10,24,24,31000,'1Y','2025-10-30 00:00:00',NULL,NOW(),NOW(),'Y')
,(25,24,24,14000,'1M','2026-02-02 00:00:00',NULL,NOW(),NOW(),'Y')
,(21,24,24,14900,'1M','2026-02-08 00:00:00',NULL,NOW(),NOW(),'Y')
,(22,24,24,9900,'1M','2026-01-31 00:00:00',NULL,NOW(),NOW(),'Y')

-- User 25
,(1,25,25,14500,'1M','2026-01-11 00:00:00',NULL,NOW(),NOW(),'Y')
,(2,25,25,13500,'1M','2026-01-22 00:00:00',NULL,NOW(),NOW(),'Y')
,(3,25,25,12500,'1Y','2025-09-28 00:00:00',NULL,NOW(),NOW(),'Y')
,(15,25,25,11500,'1M','2026-01-14 00:00:00',NULL,NOW(),NOW(),'Y')
,(9,25,25,29000,'1M','2026-01-25 00:00:00',NULL,NOW(),NOW(),'Y')
,(10,25,25,31000,'1M','2026-01-29 00:00:00','2026-03-03 00:00:00',NOW(),NOW(),'N')
,(25,25,25,14000,'1M','2026-02-04 00:00:00',NULL,NOW(),NOW(),'Y')
,(20,25,25,10500,'1M','2026-01-18 00:00:00',NULL,NOW(),NOW(),'Y')
,(23,25,25,10500,'1M','2026-01-26 00:00:00',NULL,NOW(),NOW(),'Y')
,(21,25,25,14900,'1M','2026-02-09 00:00:00',NULL,NOW(),NOW(),'Y')

-- User 26
,(1,26,26,17000,'1M','2026-01-07 00:00:00',NULL,NOW(),NOW(),'Y')
,(14,26,26,12500,'1M','2026-01-19 00:00:00',NULL,NOW(),NOW(),'Y')
,(9,26,26,29000,'1Y','2025-10-15 00:00:00',NULL,NOW(),NOW(),'Y')
,(10,26,26,31000,'1M','2026-01-28 00:00:00',NULL,NOW(),NOW(),'Y')
,(19,26,26,12000,'1M','2026-02-03 00:00:00',NULL,NOW(),NOW(),'Y')

-- User 27
,(1,27,27,14500,'1M','2026-01-08 00:00:00',NULL,NOW(),NOW(),'Y')
,(14,27,27,12500,'1M','2026-01-24 00:00:00',NULL,NOW(),NOW(),'Y')
,(9,27,27,29000,'1M','2026-01-17 00:00:00',NULL,NOW(),NOW(),'Y')
,(20,27,27,10500,'1M','2026-02-06 00:00:00',NULL,NOW(),NOW(),'Y')

-- User 28
,(1,28,28,17000,'1M','2026-01-13 00:00:00',NULL,NOW(),NOW(),'Y')
,(23,28,28,10500,'1M','2026-01-26 00:00:00',NULL,NOW(),NOW(),'Y')
,(19,28,28,12000,'1Y','2025-11-24 00:00:00',NULL,NOW(),NOW(),'Y')

-- User 29
,(1,29,29,14500,'1M','2026-01-10 00:00:00',NULL,NOW(),NOW(),'Y')
,(3,29,29,12500,'1Y','2025-10-22 00:00:00',NULL,NOW(),NOW(),'Y')
,(4,29,29,11000,'1M','2026-01-20 00:00:00',NULL,NOW(),NOW(),'Y')
,(14,29,29,12500,'1M','2026-01-28 00:00:00',NULL,NOW(),NOW(),'Y')
,(10,29,29,31000,'1M','2026-01-16 00:00:00',NULL,NOW(),NOW(),'Y')
,(22,29,29,9900,'1M','2026-02-07 00:00:00',NULL,NOW(),NOW(),'Y')

-- User 30
,(1,30,30,17000,'1M','2026-01-06 00:00:00',NULL,NOW(),NOW(),'Y')
,(2,30,30,13500,'1M','2026-01-14 00:00:00',NULL,NOW(),NOW(),'Y')
,(7,30,30,10900,'1M','2026-01-21 00:00:00',NULL,NOW(),NOW(),'Y')
,(12,30,30,11000,'1M','2026-01-11 00:00:00',NULL,NOW(),NOW(),'Y')
,(17,30,30,11000,'1Y','2025-10-08 00:00:00',NULL,NOW(),NOW(),'Y')
,(9,30,30,29000,'1M','2026-01-19 00:00:00',NULL,NOW(),NOW(),'Y')
,(10,30,30,31000,'1M','2026-01-27 00:00:00',NULL,NOW(),NOW(),'Y')
,(20,30,30,10500,'1M','2026-01-16 00:00:00',NULL,NOW(),NOW(),'Y')
,(23,30,30,10500,'1M','2026-01-25 00:00:00',NULL,NOW(),NOW(),'Y')
,(21,30,30,14900,'1M','2026-02-05 00:00:00',NULL,NOW(),NOW(),'Y')
,(19,30,30,12000,'1M','2026-02-09 00:00:00',NULL,NOW(),NOW(),'Y')

-- User 31
,(4,31,31,11000,'1M','2026-01-15 00:00:00',NULL,NOW(),NOW(),'Y')
,(22,31,31,9900,'1M','2026-02-02 00:00:00',NULL,NOW(),NOW(),'Y')

-- User 32
,(1,32,32,14500,'1M','2026-01-09 00:00:00',NULL,NOW(),NOW(),'Y')
,(2,32,32,13500,'1M','2026-01-18 00:00:00',NULL,NOW(),NOW(),'Y')
,(3,32,32,12500,'1Y','2025-09-30 00:00:00',NULL,NOW(),NOW(),'Y')
,(12,32,32,11000,'1M','2026-01-24 00:00:00',NULL,NOW(),NOW(),'Y')
,(10,32,32,31000,'1M','2026-01-27 00:00:00',NULL,NOW(),NOW(),'Y')
,(19,32,32,12000,'1M','2026-02-08 00:00:00',NULL,NOW(),NOW(),'Y')

-- User 33
,(1,33,33,17000,'1M','2026-01-13 00:00:00',NULL,NOW(),NOW(),'Y')
,(2,33,33,13500,'1M','2026-01-21 00:00:00',NULL,NOW(),NOW(),'Y')
,(19,33,33,12000,'1M','2026-02-03 00:00:00',NULL,NOW(),NOW(),'Y')

-- User 34
,(1,34,34,14500,'1M','2026-01-06 00:00:00',NULL,NOW(),NOW(),'Y')
,(2,34,34,13500,'1M','2026-01-16 00:00:00',NULL,NOW(),NOW(),'Y')
,(3,34,34,12500,'1Y','2025-10-12 00:00:00',NULL,NOW(),NOW(),'Y')
,(7,34,34,10900,'1M','2026-01-24 00:00:00',NULL,NOW(),NOW(),'Y')
,(17,34,34,11000,'1M','2026-01-19 00:00:00',NULL,NOW(),NOW(),'Y')
,(10,34,34,31000,'1M','2026-01-30 00:00:00',NULL,NOW(),NOW(),'Y')
,(21,34,34,14900,'1M','2026-02-04 00:00:00',NULL,NOW(),NOW(),'Y')
,(19,34,34,12000,'1M','2026-01-28 00:00:00',NULL,NOW(),NOW(),'Y')
,(22,34,34,9900,'1M','2026-02-09 00:00:00',NULL,NOW(),NOW(),'Y')

-- User 35
,(1,35,35,17000,'1M','2026-01-08 00:00:00',NULL,NOW(),NOW(),'Y')
,(2,35,35,13500,'1M','2026-01-15 00:00:00',NULL,NOW(),NOW(),'Y')
,(17,35,35,11000,'1Y','2025-11-03 00:00:00',NULL,NOW(),NOW(),'Y')
,(9,35,35,29000,'1M','2026-01-23 00:00:00',NULL,NOW(),NOW(),'Y')
,(25,35,35,14000,'1M','2026-02-01 00:00:00',NULL,NOW(),NOW(),'Y')
,(22,35,35,9900,'1M','2026-02-07 00:00:00',NULL,NOW(),NOW(),'Y')

-- User 36
,(1,36,36,14500,'1M','2026-01-11 00:00:00',NULL,NOW(),NOW(),'Y')
,(3,36,36,12500,'1Y','2025-10-25 00:00:00',NULL,NOW(),NOW(),'Y')
,(15,36,36,11500,'1M','2026-01-21 00:00:00',NULL,NOW(),NOW(),'Y')
,(9,36,36,29000,'1M','2026-01-28 00:00:00',NULL,NOW(),NOW(),'Y')
,(21,36,36,14900,'1M','2026-02-08 00:00:00',NULL,NOW(),NOW(),'Y')

-- User 37
,(9,37,37,29000,'1M','2026-01-17 00:00:00',NULL,NOW(),NOW(),'Y')
,(22,37,37,9900,'1M','2026-02-05 00:00:00',NULL,NOW(),NOW(),'Y')

-- User 38
,(1,38,38,17000,'1M','2026-01-07 00:00:00',NULL,NOW(),NOW(),'Y')
,(2,38,38,13500,'1M','2026-01-13 00:00:00',NULL,NOW(),NOW(),'Y')
,(5,38,38,12900,'1M','2026-01-20 00:00:00',NULL,NOW(),NOW(),'Y')
,(3,38,38,12500,'1Y','2025-09-22 00:00:00',NULL,NOW(),NOW(),'Y')
,(18,38,38,11000,'1M','2026-01-26 00:00:00',NULL,NOW(),NOW(),'Y')
,(13,38,38,11500,'1M','2026-01-10 00:00:00',NULL,NOW(),NOW(),'Y')
,(9,38,38,29000,'1M','2026-01-18 00:00:00',NULL,NOW(),NOW(),'Y')
,(10,38,38,31000,'1M','2026-01-27 00:00:00',NULL,NOW(),NOW(),'Y')
,(11,38,38,28000,'1Y','2025-11-14 00:00:00',NULL,NOW(),NOW(),'Y')
,(25,38,38,14000,'1M','2026-02-01 00:00:00',NULL,NOW(),NOW(),'Y')
,(20,38,38,10500,'1M','2026-01-15 00:00:00',NULL,NOW(),NOW(),'Y')
,(21,38,38,14900,'1M','2026-02-03 00:00:00',NULL,NOW(),NOW(),'Y')
,(19,38,38,12000,'1M','2026-01-23 00:00:00',NULL,NOW(),NOW(),'Y')
,(22,38,38,9900,'1M','2026-02-08 00:00:00',NULL,NOW(),NOW(),'Y')

-- User 39
,(1,39,39,14500,'1M','2026-01-09 00:00:00',NULL,NOW(),NOW(),'Y')
,(2,39,39,13500,'1M','2026-01-16 00:00:00',NULL,NOW(),NOW(),'Y')
,(9,39,39,29000,'1M','2026-01-24 00:00:00',NULL,NOW(),NOW(),'Y')
,(10,39,39,31000,'1Y','2025-10-27 00:00:00',NULL,NOW(),NOW(),'Y')

-- User 40
,(1,40,40,17000,'1M','2026-01-08 00:00:00',NULL,NOW(),NOW(),'Y')
,(15,40,40,11500,'1M','2026-01-21 00:00:00',NULL,NOW(),NOW(),'Y')
,(9,40,40,29000,'1M','2026-01-14 00:00:00',NULL,NOW(),NOW(),'Y')
,(10,40,40,31000,'1Y','2025-11-09 00:00:00',NULL,NOW(),NOW(),'Y')
,(23,40,40,10500,'1M','2026-01-27 00:00:00',NULL,NOW(),NOW(),'Y')
,(21,40,40,14900,'1M','2026-02-02 00:00:00',NULL,NOW(),NOW(),'Y')
,(19,40,40,12000,'1M','2026-02-06 00:00:00',NULL,NOW(),NOW(),'Y')

-- User 41
,(1,41,41,14500,'1M','2026-01-10 00:00:00',NULL,NOW(),NOW(),'Y')
,(2,41,41,13500,'1M','2026-01-18 00:00:00',NULL,NOW(),NOW(),'Y')
,(3,41,41,12500,'1Y','2025-10-05 00:00:00',NULL,NOW(),NOW(),'Y')
,(15,41,41,11500,'1M','2026-01-25 00:00:00',NULL,NOW(),NOW(),'Y')
,(10,41,41,31000,'1M','2026-01-30 00:00:00',NULL,NOW(),NOW(),'Y')
,(21,41,41,14900,'1M','2026-02-04 00:00:00',NULL,NOW(),NOW(),'Y')
,(22,41,41,9900,'1M','2026-02-08 00:00:00',NULL,NOW(),NOW(),'Y')

-- User 42
,(1,42,42,17000,'1M','2026-01-07 00:00:00',NULL,NOW(),NOW(),'Y')
,(2,42,42,13500,'1M','2026-01-13 00:00:00',NULL,NOW(),NOW(),'Y')
,(3,42,42,12500,'1Y','2025-10-16 00:00:00',NULL,NOW(),NOW(),'Y')
,(6,42,42,11000,'1M','2026-01-21 00:00:00',NULL,NOW(),NOW(),'Y')
,(9,42,42,29000,'1M','2026-01-28 00:00:00',NULL,NOW(),NOW(),'Y')
,(20,42,42,10500,'1M','2026-01-17 00:00:00',NULL,NOW(),NOW(),'Y')
,(21,42,42,14900,'1M','2026-02-03 00:00:00',NULL,NOW(),NOW(),'Y')
,(19,42,42,12000,'1M','2026-02-09 00:00:00',NULL,NOW(),NOW(),'Y')

-- User 43
,(14,43,43,12500,'1M','2026-01-15 00:00:00',NULL,NOW(),NOW(),'Y')
,(10,43,43,31000,'1Y','2025-11-12 00:00:00',NULL,NOW(),NOW(),'Y')
,(25,43,43,14000,'1M','2026-02-05 00:00:00',NULL,NOW(),NOW(),'Y')

-- User 44
,(1,44,44,14500,'1M','2026-01-12 00:00:00',NULL,NOW(),NOW(),'Y')
,(3,44,44,12500,'1Y','2025-10-08 00:00:00',NULL,NOW(),NOW(),'Y')
,(15,44,44,11500,'1M','2026-01-24 00:00:00',NULL,NOW(),NOW(),'Y')
,(21,44,44,14900,'1M','2026-02-02 00:00:00',NULL,NOW(),NOW(),'Y')
,(19,44,44,12000,'1M','2026-02-07 00:00:00',NULL,NOW(),NOW(),'Y')

-- User 45
,(21,45,45,14900,'1M','2026-02-03 00:00:00',NULL,NOW(),NOW(),'Y')
,(15,45,45,11500,'1M','2026-01-18 00:00:00',NULL,NOW(),NOW(),'Y')
,(9,45,45,29000,'1M','2026-01-11 00:00:00',NULL,NOW(),NOW(),'Y')
,(10,45,45,31000,'1Y','2025-10-26 00:00:00',NULL,NOW(),NOW(),'Y')
,(20,45,45,10500,'1M','2026-01-26 00:00:00',NULL,NOW(),NOW(),'Y')
,(22,45,45,9900,'1M','2026-02-08 00:00:00',NULL,NOW(),NOW(),'Y')

-- User 46
,(1,46,46,14500,'1M','2026-01-09 00:00:00',NULL,NOW(),NOW(),'Y')
,(2,46,46,13500,'1M','2026-01-17 00:00:00',NULL,NOW(),NOW(),'Y')
,(17,46,46,11000,'1Y','2025-09-27 00:00:00',NULL,NOW(),NOW(),'Y')
,(14,46,46,12500,'1M','2026-01-21 00:00:00',NULL,NOW(),NOW(),'Y')
,(9,46,46,29000,'1M','2026-01-28 00:00:00',NULL,NOW(),NOW(),'Y')
,(10,46,46,31000,'1M','2026-01-13 00:00:00',NULL,NOW(),NOW(),'Y')
,(22,46,46,9900,'1M','2026-02-06 00:00:00',NULL,NOW(),NOW(),'Y')

-- User 47
,(1,47,47,17000,'1M','2026-01-11 00:00:00',NULL,NOW(),NOW(),'Y')
,(2,47,47,13500,'1M','2026-01-19 00:00:00',NULL,NOW(),NOW(),'Y')
,(15,47,47,11500,'1M','2026-01-24 00:00:00',NULL,NOW(),NOW(),'Y')
,(25,47,47,14000,'1Y','2025-10-20 00:00:00',NULL,NOW(),NOW(),'Y')
,(23,47,47,10500,'1M','2026-01-27 00:00:00',NULL,NOW(),NOW(),'Y')
,(21,47,47,14900,'1M','2026-02-02 00:00:00',NULL,NOW(),NOW(),'Y')
,(22,47,47,9900,'1M','2026-02-08 00:00:00',NULL,NOW(),NOW(),'Y')

-- User 48
,(1,48,48,14500,'1M','2026-01-14 00:00:00',NULL,NOW(),NOW(),'Y')
,(10,48,48,31000,'1Y','2025-11-01 00:00:00',NULL,NOW(),NOW(),'Y')
,(9,48,48,29000,'1M','2026-01-23 00:00:00',NULL,NOW(),NOW(),'Y')

-- User 49
,(1,49,49,17000,'1M','2026-01-09 00:00:00',NULL,NOW(),NOW(),'Y')
,(15,49,49,11500,'1M','2026-01-18 00:00:00',NULL,NOW(),NOW(),'Y')
,(9,49,49,29000,'1M','2026-01-28 00:00:00',NULL,NOW(),NOW(),'Y')
,(21,49,49,14900,'1M','2026-02-05 00:00:00',NULL,NOW(),NOW(),'Y')

-- User 50
,(1,50,50,14500,'1M','2026-01-08 00:00:00',NULL,NOW(),NOW(),'Y')
,(3,50,50,12500,'1Y','2025-10-09 00:00:00',NULL,NOW(),NOW(),'Y')
,(4,50,50,11000,'1M','2026-01-16 00:00:00',NULL,NOW(),NOW(),'Y')
,(13,50,50,11500,'1M','2026-01-24 00:00:00',NULL,NOW(),NOW(),'Y')
,(15,50,50,11500,'1M','2026-01-29 00:00:00',NULL,NOW(),NOW(),'Y')
,(10,50,50,31000,'1M','2026-01-20 00:00:00',NULL,NOW(),NOW(),'Y')
,(21,50,50,14900,'1M','2026-02-03 00:00:00',NULL,NOW(),NOW(),'Y')
,(22,50,50,9900,'1M','2026-02-08 00:00:00',NULL,NOW(),NOW(),'Y');

# 커뮤니티 게시글 테이블(community_posts)
INSERT INTO community_posts
(user_id, title, content, view_count, scrap_count, created_at, updated_at)
VALUES
(1, '넷플릭스 요금제 뭐 쓰세요?', '요즘 구독료가 계속 올라서 그런데 다들 넷플릭스 어떤 요금제로 쓰는지 궁금해요. 광고형이랑 스탠다드 중에서 고민 중입니다.', 23, 4, '2026-04-01 09:12:00', '2026-04-01 09:12:00'),
(3, '유튜브 프리미엄이 진짜 제일 만족도 높은 듯', '여러 구독 서비스 써봤는데 저는 유튜브 프리미엄이 제일 만족도가 높았어요. 광고 없는 것도 좋고 유튜브 뮤직까지 같이 써서 생각보다 괜찮네요.', 41, 7, '2026-04-01 13:45:00', '2026-04-01 13:45:00'),
(5, '배민클럽 쓰는 사람 있어요?', '배민클럽 가입할지 고민 중인데 할인 체감이 큰지 잘 모르겠어요. 자주 배달시키는 편이면 무조건 이득인가요?', 17, 2, '2026-04-02 10:03:00', '2026-04-02 10:03:00'),
(7, 'ChatGPT 유료 결제할만한가요?', '무료만 쓰다가 유료 결제 고민 중인데 실제로 차이가 큰지 궁금합니다. 코딩할 때 많이 쓰는 분들 후기 부탁드려요.', 52, 11, '2026-04-02 18:27:00', '2026-04-02 18:27:00'),
(10, '디즈니플러스 볼만한 작품 추천해주세요', '마블이나 픽사 말고도 볼만한 작품 있으면 추천 부탁드려요. 한두 달만 구독할지 계속 유지할지 고민 중입니다.', 29, 5, '2026-04-03 08:56:00', '2026-04-03 08:56:00'),
(12, '구독 서비스 정리 다들 어떻게 하세요?', '저는 쓰는 서비스가 많아져서 매달 뭐가 빠져나가는지도 헷갈리더라고요. 다들 엑셀로 관리하는지 앱으로 관리하는지 궁금합니다.', 34, 6, '2026-04-03 20:14:00', '2026-04-03 20:14:00'),
(15, '스포티파이랑 멜론 둘 다 쓰는 사람 있나요?', '음악 취향 때문에 둘 다 유지 중인데 솔직히 좀 아깝기도 해서요. 한쪽으로 갈아탄 분 있으면 이유도 같이 알려주세요.', 26, 3, '2026-04-04 11:22:00', '2026-04-04 11:22:00');

# 커뮤니티 스크랩 테이블 (community_scrap)
INSERT INTO community_scrap (post_id, user_id, created_at) VALUES
(1, 3, '2026-04-01 10:05:00'),
(2, 5, '2026-04-01 14:20:00'),
(4, 8, '2026-04-02 19:10:00'),
(6, 10, '2026-04-03 21:03:00'),
(7, 12, '2026-04-04 12:18:00');

# 알림 테이블(notifications)
# INSERT INTO notifications
#(user_id, subscription_id, is_read, is_closed, notify_type, created_at, alarm)
#VALUES
#(1, 1, 0, 0, 'D3', '2026-04-05 09:00:00', '넷플릭스 결제일이 3일 남았어요.'),
#(2, 3, 1, 0, 'D0', '2026-04-05 10:30:00', '오늘 멜론 구독 결제일입니다.'),
#(3, 7, 0, 0, 'D3', '2026-04-06 08:45:00', 'ChatGPT 결제 예정일이 3일 남았어요.'),
#(4, 10, 0, 1, 'D0', '2026-04-06 12:15:00', '오늘 쿠팡와우 결제가 진행돼요.'),
#(5, 12, 1, 0, 'D3', '2026-04-07 07:50:00', '유튜브 프리미엄 결제 예정일이 3일 남았어요.');
